userPrincipalName,displayName,surname,mail,givenName,id
customer@renovationstationexsm3943.onmicrosoft.com,Customer Test,TestAccount,,Customer,046de54d-ee26-444e-a06d-02c6c4809dc2
customeralex@renovationstationexsm3943.onmicrosoft.com,customeralex,Alex,,Customer,368be6e1-734d-44f4-9831-e67230e80b77
testuser2@renovationstationexsm3943.onmicrosoft.com,Test Two,,,,432c2249-5cae-46d2-87e4-e4a9399be5a8
admin3@renovationstationexsm3943.onmicrosoft.com,Admin 3,Admin,,Jimmyjohn,49db76d2-e7c3-4bcb-a53d-7777988fcaf7
joshadmin@renovationstationexsm3943.onmicrosoft.com,JoshAdmin,Admin,,Josh,4c796cf2-8fbc-4f7e-8270-a6d0463bb061
customerclarisse@renovationstationexsm3943.onmicrosoft.com,customerclarisse,Clarisse,,Customer,5261d71b-95c2-460b-b34b-4a5de0f1cc2b
staffdavid@renovationstationexsm3943.onmicrosoft.com,staffdavid,David,,Staff,5a88da59-e6ac-4dc0-b816-7ee44f72ae1f
adminclarisse@renovationstationexsm3943.onmicrosoft.com,adminclarisse,Clarisse,,Admin,5df008b0-6775-4973-b616-3b21ba5967f4
staffclarisse@renovationstationexsm3943.onmicrosoft.com,staffclarisse,Clarisse,,Staff,653d15f8-67ac-4fec-a225-c6339354464a
staffjosh@renovationstationexsm3943.onmicrosoft.com,staffjosh,Josh,,Staff,6bec4e12-e895-4eda-9340-4c07129c9ec4
staffalex@renovationstationexsm3943.onmicrosoft.com,staffalex,Alex,,Staff,7258b98b-afc9-422f-8892-99322c039780
TestUserAdmin@renovationstationexsm3943.onmicrosoft.com,TestUser - Admin,User,,Test,76599914-fd0a-4cd5-95ce-d15526957c3e
esgamble_ualberta.ca#EXT#@renovationstationexsm3943.onmicrosoft.com,Evan Gamble,Gamble,,Evan,785c0356-4446-401b-b191-2a02acb4228f
admin2@renovationstationexsm3943.onmicrosoft.com,Admin2,Admin,,Bob,8209b80c-82a0-438f-875a-45745cda69b9
staff2@renovationstationexsm3943.onmicrosoft.com,Jimmy Staff 2,Staff the 2nd,,Jimmy,826e6228-8042-4ab0-b77b-1afce00a75ee
staff@renovationstationexsm3943.onmicrosoft.com,Staff User,UserLastNm,,TestStaff,88bd9055-089f-40a2-a3aa-5b64baa57f24
stafftim@renovationstationexsm3943.onmicrosoft.com,stafftim,Tim,,Staff,956d3518-d575-4506-82c9-cb16e0aa4a55
adminalex@renovationstationexsm3943.onmicrosoft.com,adminalex,Alex,,Admin,9e5a4dfc-2d06-4caa-84a1-9cf73941558e
testuser1@renovationstationexsm3943.onmicrosoft.com,TestUser One,,,,9f1a7c1c-6b11-457e-b24e-fad97a0c7bf1
customerjosh@renovationstationexsm3943.onmicrosoft.com,customerjosh,Josh,,Customer,9f1fa11f-8cd6-4d75-b3f4-c37b971db5a5
admin@renovationstationexsm3943.onmicrosoft.com,AdminTest User,Admin,,Joe,a3ca1fed-9bbd-4fb4-a673-0e02dfd1fa53
admindavid@renovationstationexsm3943.onmicrosoft.com,admindavid,David,,Admin,a71a93f1-f135-45cf-9772-3cc686c19949
customertim@renovationstationexsm3943.onmicrosoft.com,customertim,Tim,,Customer,be05e17b-5fa9-4321-b935-288c8a620bdf
customerdavid@renovationstationexsm3943.onmicrosoft.com,customerdavid,David,,Customer,d6e5389c-d80d-4b20-be5c-9e6ba43ce3cd
adminjosh@renovationstationexsm3943.onmicrosoft.com,adminjosh,Josh,,Admin,dd28b597-5f71-4aa0-8e57-e9818b9dd9fb
admintim@renovationstationexsm3943.onmicrosoft.com,Admin Tim,Tim,,Admin,e6b680f8-3c81-434d-8b73-dd4fee5e92ff
